2015-12-18-04-53-14,Iron Zant,,1,0,1,0,1,0,10,"1,154",1,0,1,0,1,0,85,"3,518,422",73,"1,063,318",76,"1,449,445",74,"1,145,145",87,"4,326,901",87,"4,257,903",88,"4,637,843",92,"6,530,136",74,"1,210,418",0
2015-12-18-04-53-14,Pownal1,,99,"14,391,213",99,"13,115,812",99,"14,011,771",99,"17,248,967",96,"10,133,828",99,"17,915,145",99,"15,849,234",99,"13,053,604",99,"22,434,711",93,"7,286,377",99,"27,945,722",99,"15,271,977",99,"42,337,066",99,"19,366,872",99,"24,738,121",120,"139,583,226","3,587"
2015-12-18-04-53-14,Dragonbeam,,99,"13,524,079",99,"15,313,828",99,"13,207,807",99,"18,959,203",99,"14,077,390",99,"25,474,006",99,"13,120,026",99,"13,496,252",99,"13,264,369",91,"6,151,167",99,"16,760,220",91,"6,353,299",99,"35,005,934",99,"13,409,013",99,"20,956,919",101,"17,064,629","93,336"
2015-12-18-04-53-14,Pilt001,,85,"3,489,593",85,"3,348,195",85,"3,353,002",92,"6,843,567",94,"8,472,443",99,"13,215,997",74,"1,104,683",94,"8,541,932",86,"3,702,219",93,"7,562,473",99,"14,495,919",94,"8,748,208",92,"7,124,496",92,"7,094,408",87,"4,246,022",88,"4,413,343","9,160"
2015-12-18-04-53-14,Prothrylos,,1,0,1,0,1,0,10,"1,154",1,0,1,0,1,0,70,"737,806",57,"209,897",57,"205,603",58,"242,591",59,"259,780",61,"302,534",90,"5,411,839",93,"7,697,522",47,"80,768",0
2015-12-18-04-53-14,Skillz2 Win,,99,"14,422,108",99,"26,693,585",99,"14,400,272",99,"22,949,760",99,"14,400,515",99,"25,102,719",99,"14,445,766",99,"26,126,474",99,"14,581,192",99,"14,557,009",99,"23,651,492",99,"14,466,608",99,"14,977,106",99,"14,430,786",99,"14,608,631",120,"124,267,671",756
2015-12-18-04-53-14,Fluhminator,,52,"136,234",72,"933,321",53,"136,811",93,"7,825,506",96,"10,647,862",99,"189,788,811",75,"1,260,865",99,"200,000,000",99,"199,996,831",99,"24,336,385",99,"200,000,000",99,"23,198,234",99,"199,959,783",99,"186,115,666",99,"199,943,555",120,"199,999,999","35,522"
2015-12-18-04-53-14,B4 Skills,,25,"8,059",20,"4,502",25,"7,873",35,"22,538",40,"39,816",40,"37,461",50,"106,824",72,"900,155",60,"278,633",61,"330,032",53,"137,689",79,"1,938,784",87,"4,128,909",76,"1,357,944",74,"1,102,727",32,"16,778",0
2015-12-18-04-53-14,Paulie,,45,"65,295",45,"66,619",46,"69,592",48,"84,410",51,"120,835",72,"955,354",62,"359,828",99,"13,035,206",85,"3,329,163",76,"1,372,335",93,"7,296,073",75,"1,334,984",99,"15,091,016",75,"1,244,223",99,"13,058,855",74,"1,101,556",0
2015-12-18-04-53-14,Dj Ruli,,99,"14,530,535",99,"14,883,609",99,"14,831,391",99,"19,583,326",99,"14,460,619",99,"21,711,848",99,"16,514,241",99,"18,108,772",99,"17,516,761",99,"18,774,983",99,"23,190,362",99,"18,107,809",99,"200,000,000",99,"24,867,639",99,"167,768,717",120,"149,853,103","8,287"
2015-12-18-04-53-14,K Phil,,93,"7,302,477",99,"13,206,696",86,"3,681,691",94,"8,122,517",99,"13,111,684",99,"20,786,589",89,"5,252,086",91,"5,914,615",83,"2,717,849",88,"4,520,192",95,"9,301,763",99,"14,013,305",99,"13,853,689",99,"13,554,058",99,"13,302,003",108,"34,456,367",0
2015-12-18-04-53-14,Vesah0,,99,"13,092,314",99,"18,128,498",99,"13,438,213",99,"19,558,302",99,"21,275,805",99,"50,379,238",99,"25,813,269",99,"20,366,622",99,"22,348,329",99,"17,409,251",99,"73,365,435",99,"15,521,874",99,"31,188,896",99,"31,829,063",99,"19,836,009",110,"39,301,438","46,711"
2015-12-18-04-53-14,Aging Miser,,80,"2,180,227",90,"5,479,557",86,"3,606,468",99,"13,880,142",99,"15,982,524",99,"17,998,984",66,"503,772",82,"2,504,444",99,"13,034,450",92,"6,951,638",99,"13,038,635",89,"5,206,653",99,"13,967,245",99,"13,049,112",96,"9,703,486",111,"45,987,084","24,824"
2015-12-18-04-53-14,Dagboy0,,79,"1,906,103",77,"1,586,748",80,"2,004,395",81,"2,362,882",77,"1,491,136",88,"4,540,017",64,"418,137",70,"743,581",67,"588,350",77,"1,513,514",75,"1,222,933",71,"833,823",71,"845,108",70,"763,107",74,"1,108,196",74,"1,126,588",0
2015-12-18-04-53-14,Greatest xo,,1,0,1,0,1,0,10,"1,154",1,0,65,"480,004",1,0,48,"84,743",70,"743,712",70,"737,633",70,"738,022",72,"909,958",70,"743,492",1,0,70,"738,327",48,"85,819",0
2015-12-18-04-53-14,Alexancler,,80,"2,057,107",80,"2,029,537",85,"3,495,706",85,"3,316,427",80,"2,114,487",99,"14,534,215",88,"4,597,652",86,"3,762,016",98,"12,290,615",91,"6,420,609",94,"8,445,852",88,"4,580,370",99,"19,256,260",94,"8,413,978",99,"20,139,320",100,"14,848,218","3,327"
2015-12-18-04-53-14,Sakuretsu 15,,87,"4,068,002",91,"6,126,243",90,"5,423,263",94,"8,013,951",91,"5,939,469",99,"21,253,139",90,"5,386,460",89,"4,915,878",92,"6,758,465",93,"7,656,426",99,"13,450,930",95,"9,376,658",99,"21,935,468",97,"11,754,216",99,"15,156,515",113,"54,109,688","42,000"
2015-12-18-04-53-14,Star X Ice,,81,"2,234,310",81,"2,194,903",81,"2,242,784",85,"3,334,075",85,"3,277,707",99,"20,967,881",99,"13,514,104",99,"13,148,559",99,"13,251,518",99,"13,172,349",99,"31,014,617",99,"13,485,526",99,"51,048,984",99,"13,794,384",99,"26,820,320",90,"5,758,685","1,905"
2015-12-18-04-53-14,Eminem777,,90,"5,408,078",90,"5,615,993",90,"5,380,065",92,"6,888,017",87,"4,188,392",99,"13,044,823",79,"1,903,513",93,"7,343,804",99,"13,035,773",99,"13,119,571",99,"13,651,326",99,"15,621,172",99,"20,472,553",99,"13,217,514",99,"23,167,186",63,"381,008","3,135"
2015-12-18-04-53-14,Rebeliancer,,91,"6,197,667",95,"8,773,294",95,"8,775,555",95,"9,603,444",99,"13,124,164",99,"36,739,703",95,"8,845,125",99,"13,225,587",99,"13,125,202",99,"13,244,251",99,"14,314,549",99,"14,227,259",99,"16,638,385",99,"13,514,800",99,"13,660,466",102,"17,631,520","3,946"
2015-12-18-04-53-14,Bambe09,,71,"841,772",70,"743,941",70,"761,578",75,"1,226,102",70,"760,937",73,"1,009,274",62,"366,692",62,"352,094",62,"361,367",76,"1,444,658",67,"556,027",93,"7,513,493",87,"4,016,586",66,"496,767",82,"2,471,634",53,"139,710",0
2015-12-18-04-53-14,50screams,,99,"13,216,495",99,"13,325,839",99,"13,606,140",99,"14,933,249",95,"8,979,827",93,"7,448,942",76,"1,458,409",85,"3,272,363",99,"13,048,839",85,"3,475,651",85,"3,520,325",99,"13,280,985",99,"13,213,207",99,"13,146,986",99,"14,081,106",76,"1,347,580","1,904"
2015-12-18-04-53-14,Mr tyr,,99,"17,047,524",99,"37,013,759",99,"22,027,665",99,"32,949,617",99,"20,344,639",99,"30,353,234",99,"144,730,000",99,"15,273,323",99,"73,914,128",99,"20,032,174",99,"37,097,132",99,"17,825,000",99,"95,636,862",99,"16,541,065",99,"77,390,694",111,"45,038,383","1,290"
2015-12-18-04-53-14,Zenorobo,,60,"300,207",72,"902,592",53,"143,518",67,"578,189",68,"609,287",79,"1,973,430",56,"195,166",89,"4,873,524",88,"4,827,488",91,"6,058,878",96,"10,146,865",88,"4,687,820",99,"15,108,607",96,"9,747,586",99,"25,476,725",72,"900,068",813
2015-12-18-04-53-14,Ellustrial,,1,0,1,0,1,0,10,"1,154",1,0,1,0,1,0,56,"191,931",50,"110,931",56,"191,452",50,"102,070",52,"131,885",97,"11,474,818",49,"98,227",49,"92,777",95,"9,325,875",0
2015-12-18-04-53-14,Persiflage,,78,"1,701,828",84,"3,240,235",55,"172,328",86,"3,845,709",91,"6,297,455",99,"29,499,240",99,"14,678,066",99,"13,085,685",99,"14,885,257",95,"9,249,731",99,"101,391,657",99,"14,168,758",99,"40,727,194",99,"18,764,550",99,"43,467,371",99,"13,167,010",0
2015-12-18-04-53-14,Otto Mo Biel,,43,"54,823",1,0,1,0,10,"1,154",41,"41,867",99,"15,692,072",1,0,75,"1,217,654",60,"282,063",71,"861,354",96,"10,245,679",75,"1,261,970",75,"1,215,357",75,"1,221,945",1,0,73,"1,085,668",0
2015-12-18-04-53-14,Barto222229,,99,"20,288,506",99,"20,573,990",99,"24,540,662",99,"53,626,534",99,"97,142,092",99,"91,023,237",99,"32,955,821",99,"28,036,343",99,"105,050,885",99,"28,231,924",99,"200,000,000",99,"61,662,875",99,"104,462,821",99,"66,313,050",99,"200,000,000",120,"200,000,000","9,491"
2015-12-18-04-53-14,Zer00tje,,79,"1,895,721",77,"1,515,262",90,"5,524,905",88,"4,488,375",76,"1,404,120",99,"13,080,658",92,"6,879,875",89,"5,193,322",91,"6,293,473",90,"5,787,357",94,"8,288,296",99,"16,796,290",99,"15,403,158",99,"13,520,266",99,"13,321,592",98,"12,156,839",0
2015-12-18-04-53-14,SirBunnyfart,,40,"38,295",42,"47,304",40,"38,789",41,"44,552",29,"13,128",21,"5,536",69,"720,607",70,"772,272",40,"40,270",70,"792,079",80,"2,148,110",69,"699,549",60,"289,628",70,"742,678",83,"2,744,243",26,"8,974",0
2015-12-18-04-53-14,X l A O,,99,"13,084,750",99,"35,987,898",99,"14,689,426",99,"26,206,497",99,"13,534,021",99,"17,769,226",99,"13,255,968",99,"13,547,759",99,"14,027,727",99,"21,744,148",99,"13,635,430",99,"15,610,161",99,"18,212,277",99,"13,284,646",99,"13,400,117",120,"199,200,631","92,787"
2015-12-18-04-53-14,Red Rabbi111,,99,"15,977,381",99,"15,966,836",99,"15,966,723",99,"20,719,963",99,"14,464,411",99,"27,298,241",99,"14,591,907",99,"15,060,774",99,"14,685,825",99,"15,709,527",99,"19,129,452",99,"15,901,763",99,"23,454,367",99,"25,187,119",99,"17,343,946",104,"22,151,398","3,151"
2015-12-18-04-53-14,2bad4you24,,65,"460,723",72,"958,612",59,"251,170",82,"2,448,275",80,"2,120,484",82,"2,651,482",91,"6,184,436",99,"13,414,364",99,"13,991,262",99,"17,707,152",99,"13,736,696",99,"16,744,046",99,"16,291,398",99,"18,108,181",99,"16,277,164",109,"38,451,888",0
2015-12-18-04-53-14,Medaragon,,98,"12,900,107",98,"12,246,661",96,"9,952,989",99,"13,974,059",91,"5,975,507",99,"19,578,627",97,"11,351,689",99,"16,092,261",99,"17,416,053",99,"13,381,064",99,"33,139,070",99,"33,658,030",99,"59,214,426",99,"30,322,325",99,"61,453,724",102,"19,318,674","6,697"
2015-12-18-04-53-14,Lady Lorith,,99,"18,115,024",99,"19,624,445",99,"27,434,259",99,"28,986,169",99,"18,185,229",99,"200,000,000",99,"23,103,083",99,"18,275,667",99,"18,993,572",99,"20,345,480",99,"200,000,000",99,"27,171,191",99,"200,000,000",99,"75,129,154",99,"200,000,000",120,"200,000,000",0
2015-12-18-04-53-14,Lil Dan Def,,95,"8,773,414",92,"6,542,604",95,"8,852,103",95,"9,513,448",92,"6,819,254",99,"16,891,206",99,"13,118,022",99,"18,511,893",99,"21,158,056",99,"20,918,776",99,"55,219,787",99,"31,778,294",99,"54,923,644",99,"35,087,585",99,"31,375,137",93,"7,356,742",0
2015-12-18-04-53-14,Stomp Lover,,1,0,1,0,1,0,10,"1,154",1,0,1,0,1,0,75,"1,224,596",75,"1,271,156",42,"45,539",97,"11,130,332",76,"1,356,345",90,"5,360,417",90,"5,877,782",83,"2,934,331",82,"2,554,958",0
2015-12-18-04-53-14,Historic Kid,,1,0,1,0,1,0,10,"1,154",1,0,1,0,1,0,1,0,1,0,1,0,1,0,1,0,99,"13,034,552",1,0,1,0,1,0,0
2015-12-18-04-53-14,Island Music,,1,0,1,0,1,0,10,"1,154",1,0,1,0,1,0,81,"2,210,753",92,"6,594,914",88,"4,438,990",92,"7,177,883",90,"5,370,128",99,"29,604,073",95,"8,847,179",99,"23,456,789",110,"41,566,568",0
2015-12-18-04-53-14,iRtehBestEVA,,1,0,1,0,1,0,10,"1,154",1,0,1,0,99,"13,333,337",90,"5,346,748",90,"5,439,506",89,"4,867,428",89,"5,136,806",88,"4,692,749",99,"20,377,049",89,"4,856,097",99,"13,846,719",90,"5,833,112",0
2015-12-18-04-53-14,Magik Day,,1,0,1,0,1,0,85,"3,452,574",1,0,1,0,62,"336,879",66,"507,699",60,"290,297",76,"1,473,787",57,"206,231",71,"870,246",74,"1,102,984",79,"1,939,581",80,"2,185,152",54,"165,212",0
2015-12-18-04-53-14,Voltarian X,,65,"450,099",65,"460,079",65,"456,146",67,"564,496",61,"306,089",76,"1,341,333",53,"140,746",74,"1,099,906",81,"2,196,884",71,"821,854",85,"3,456,916",80,"1,991,661",85,"3,274,241",81,"2,269,978",85,"3,259,125",76,"1,397,415",0
2015-12-18-04-53-14,Seifador3,,99,"16,096,571",99,"16,420,002",99,"16,082,466",99,"18,443,678",99,"14,483,193",99,"15,791,591",99,"14,302,859",99,"14,439,842",99,"13,660,731",99,"14,167,397",99,"15,565,134",99,"15,230,817",99,"21,789,506",99,"14,654,280",99,"16,730,016",104,"22,106,494",826
2015-12-18-04-53-14,200m Cooker,,1,0,1,0,1,0,10,"1,154",1,0,1,0,1,0,36,"26,149",44,"55,857",48,"86,899",32,"17,871",70,"748,586",72,"950,927",32,"17,148",99,"53,547,287",25,"8,609",0
2015-12-18-04-53-14,uzrs,,50,"101,382",38,"30,761",51,"120,566",48,"91,597",20,"4,555",98,"12,360,618",46,"73,661",60,"275,176",89,"5,185,988",81,"2,337,626",88,"4,840,600",89,"5,242,253",74,"1,199,276",99,"13,106,597",82,"2,432,735",41,"42,721",0
2015-12-18-04-53-14,Sergji,,99,"14,500,405",99,"20,709,820",99,"14,500,405",99,"20,890,184",99,"20,400,005",99,"45,173,230",99,"15,840,705",98,"12,308,904",99,"16,017,705",98,"12,221,872",99,"25,014,871",99,"14,421,055",99,"36,454,102",99,"18,273,130",99,"32,056,100",120,"118,889,767","31,200"
2015-12-18-04-53-14,Sirhasenfurz,,99,"34,524,654",99,"13,479,056",99,"13,366,396",99,"24,829,193",99,"13,314,552",99,"21,453,166",99,"14,056,460",99,"14,235,902",99,"13,458,985",98,"12,404,060",99,"29,160,569",99,"17,302,620",99,"200,000,000",99,"40,716,422",99,"200,000,000",70,"758,542","12,738"
2015-12-18-04-53-14,mookymooky,,1,0,1,0,1,0,10,"1,154",1,0,1,0,52,"133,555",54,"162,154",59,"263,826",68,"610,289",50,"107,565",62,"365,287",66,"532,133",61,"317,080",66,"508,481",105,"25,443,986",0
2015-12-18-04-53-14,Kaurberg,,99,"13,052,145",99,"13,118,392",99,"13,052,159",99,"16,878,049",97,"10,907,039",99,"19,865,320",91,"6,296,897",99,"13,330,710",99,"13,460,393",91,"6,136,947",91,"6,487,463",99,"14,753,321",99,"34,594,215",99,"14,033,768",99,"16,236,715",77,"1,495,033",0
2015-12-18-04-53-14,Jr Vx,,80,"1,994,488",80,"1,995,730",75,"1,217,190",84,"3,010,276",84,"3,030,067",98,"11,878,393",75,"1,251,161",90,"5,482,022",81,"2,304,497",76,"1,450,734",86,"3,876,041",86,"3,606,207",99,"14,071,712",90,"5,482,403",90,"5,745,155",80,"2,058,716",0
2015-12-18-04-53-14,Goldeagle211,,80,"2,006,852",80,"2,028,103",80,"2,006,808",83,"2,674,635",80,"1,998,251",81,"2,290,509",70,"747,497",70,"774,061",86,"3,739,023",78,"1,796,046",82,"2,432,996",84,"3,093,685",90,"5,435,590",90,"5,355,599",90,"5,432,709",51,"113,746",986
2015-12-18-04-53-14,Zammypker43,,99,"13,078,645",99,"13,123,546",96,"10,109,395",99,"14,753,005",81,"2,282,737",92,"6,972,280",80,"2,158,241",85,"3,557,148",80,"2,032,121",82,"2,492,878",88,"4,388,905",88,"4,622,524",99,"13,615,280",96,"10,394,855",99,"13,265,396",100,"15,752,256","5,938"
2015-12-18-04-53-14,Nogin Girl,,51,"113,745",51,"117,490",55,"182,917",65,"485,273",72,"931,972",68,"640,125",76,"1,347,194",86,"3,758,220",76,"1,377,129",92,"6,836,357",86,"3,766,625",79,"1,921,524",86,"3,751,458",73,"993,053",72,"916,392",53,"145,202",0
2015-12-18-04-53-14,Warriorghhs,,72,"975,798",75,"1,210,915",72,"918,223",75,"1,315,786",73,"1,019,623",71,"821,937",71,"838,507",75,"1,214,035",73,"998,169",80,"2,177,358",73,"1,050,157",81,"2,411,325",81,"2,395,613",78,"1,645,632",81,"2,418,552",65,"493,311",0
2015-12-18-04-53-14,7up1230,,87,"4,028,889",87,"4,029,267",87,"4,028,954",90,"5,385,982",85,"3,315,549",93,"7,292,753",85,"3,456,173",84,"2,962,316",83,"2,690,800",90,"5,522,479",87,"4,224,292",90,"5,817,329",93,"7,782,733",87,"4,086,608",88,"4,534,740",88,"4,523,322","7,251"
2015-12-18-04-53-14,Sir Matej5,,92,"6,626,083",92,"6,625,972",92,"6,627,254",95,"9,205,597",97,"10,792,955",99,"15,875,069",94,"8,187,215",96,"9,751,839",92,"6,759,057",96,"10,008,103",99,"25,257,966",91,"5,986,261",99,"19,951,095",94,"8,315,850",99,"15,922,417",99,"13,459,615","1,740"
2015-12-18-04-53-14,Killapaladin,,92,"6,517,276",92,"6,517,276",92,"6,517,276",93,"7,828,366",95,"8,774,798",90,"5,352,460",89,"4,917,449",95,"8,817,162",90,"5,400,861",90,"5,461,912",90,"5,358,683",90,"5,803,679",91,"6,433,386",90,"5,347,410",92,"6,597,706",90,"5,435,343",0
2015-12-18-04-53-14,A DIY Newb,,55,"176,967",59,"253,865",55,"177,069",62,"356,005",58,"232,949",64,"433,738",51,"117,688",67,"587,276",63,"400,474",68,"664,625",73,"1,032,669",81,"2,206,929",83,"2,847,984",88,"4,692,400",90,"5,378,211",76,"1,441,176",0
2015-12-18-04-53-14,Dragon Curve,,92,"7,126,107",91,"5,962,658",91,"6,099,906",94,"8,030,924",92,"6,984,765",97,"11,800,005",83,"2,784,871",87,"4,101,048",86,"3,652,078",99,"13,327,797",99,"13,343,540",90,"5,794,002",99,"13,779,489",92,"7,061,356",98,"12,022,660",88,"4,395,101","8,335"
2015-12-18-04-53-14,Mateo 132,,50,"101,356",88,"4,678,108",1,0,80,"2,166,954",80,"2,054,475",90,"5,839,564",46,"74,837",99,"13,124,409",99,"13,071,093",98,"12,152,320",98,"11,809,450",99,"15,364,123",99,"13,651,902",99,"13,186,084",99,"14,896,198",80,"2,129,189","1,102"
2015-12-18-04-53-14,Skill Lvl126,,81,"2,199,422",81,"2,199,415",86,"3,786,608",86,"3,711,335",81,"2,205,235",81,"2,201,826",80,"2,127,032",80,"2,069,903",77,"1,488,642",81,"2,375,536",76,"1,417,301",86,"3,877,604",86,"3,919,376",85,"3,513,218",89,"5,031,056",86,"3,746,742",541
2015-12-18-04-53-14,Summer Abs,,1,0,1,0,1,0,10,"1,154",1,0,1,0,1,0,62,"336,386",66,"502,474",64,"426,633",87,"4,304,509",70,"760,542",95,"9,462,427",67,"580,496",66,"497,730",100,"14,905,560",0
2015-12-18-04-53-14,JoBo Jr,,50,"102,548",54,"159,366",50,"103,970",53,"137,061",40,"38,733",59,"248,018",56,"199,274",44,"56,318",66,"536,948",44,"61,380",99,"13,059,688",50,"111,662",99,"13,249,417",62,"335,326",99,"13,040,978",55,"166,636",0
2015-12-18-04-53-14,Xxaragon31xx,,93,"7,607,323",93,"7,265,691",93,"7,196,062",95,"9,477,161",91,"5,925,078",82,"2,574,921",89,"5,037,882",92,"6,862,821",88,"4,803,145",94,"8,246,799",83,"2,833,144",99,"13,934,595",99,"13,335,508",92,"6,810,261",98,"12,208,167",92,"6,956,438",0
2015-12-18-04-53-14,Bikla0,,99,"13,035,271",99,"13,034,472",99,"13,034,694",99,"17,197,952",99,"13,034,589",99,"18,378,084",99,"13,034,431",99,"13,477,338",99,"13,496,294",99,"13,563,845",99,"17,886,572",99,"13,448,687",99,"15,430,573",99,"13,315,537",99,"13,129,162",120,"104,273,167","3,213"
2015-12-18-04-53-14,Gold Duckii,,96,"10,039,295",85,"3,467,745",99,"13,248,729",96,"10,073,678",99,"13,054,127",99,"23,490,789",99,"13,133,400",99,"15,040,937",99,"14,517,364",99,"14,202,076",99,"37,080,819",99,"19,514,790",99,"200,000,000",99,"23,664,262",99,"18,540,122",94,"7,987,787",0
2015-12-18-04-53-14,Rusti,,15,"2,430",1,0,1,0,41,"42,851",30,"13,379",66,"510,301",1,0,55,"174,514",74,"1,132,865",51,"118,727",94,"8,098,435",70,"810,039",97,"11,148,071",92,"6,606,030",85,"3,286,600",99,"13,495,515",0
2015-12-18-04-53-14,Sweeteyes9,,64,"407,114",65,"449,448",64,"407,057",69,"688,599",64,"442,604",65,"449,462",66,"526,044",70,"741,183",70,"772,780",75,"1,266,520",70,"738,560",81,"2,303,322",81,"2,203,747",76,"1,375,128",76,"1,354,863",72,"916,517",0
2015-12-18-04-53-14,Nervic0,,99,"13,341,491",99,"13,117,494",1,0,99,"15,562,773",99,"15,375,029",99,"13,170,848",66,"532,273",90,"5,550,911",99,"15,156,803",93,"7,237,815",99,"16,724,255",90,"5,700,986",99,"17,088,124",90,"5,355,641",99,"16,468,915",99,"13,528,211","72,676"
2015-12-18-04-53-14,Merchantable,,99,"13,069,426",99,"13,238,137",99,"13,088,646",99,"15,172,250",90,"5,798,054",99,"28,780,398",95,"8,989,591",99,"13,127,109",99,"13,220,416",82,"2,592,186",99,"29,200,638",90,"5,347,957",99,"19,819,549",99,"16,323,616",99,"13,863,323",86,"3,670,798",0
2015-12-18-04-53-14,Ari6321,,99,"13,295,109",99,"16,613,038",99,"13,221,225",99,"22,755,638",99,"16,000,214",99,"29,760,045",99,"13,301,265",99,"14,415,264",99,"13,839,781",99,"15,116,570",99,"20,174,034",99,"20,344,171",99,"38,095,999",99,"14,064,338",99,"14,880,015",120,"137,835,614","4,671"
2015-12-18-04-53-14,Dajunk,,84,"2,962,229",86,"3,761,209",93,"7,620,742",94,"8,178,941",99,"13,088,318",99,"31,755,917",99,"14,537,696",99,"14,959,347",99,"25,231,964",99,"15,227,341",99,"28,350,373",99,"16,267,423",99,"39,833,988",99,"25,270,182",99,"15,218,869",90,"5,614,169",0
2015-12-18-04-53-14,Ibuki Fuko,,99,"21,709,369",99,"21,666,139",99,"22,757,123",99,"27,342,968",99,"14,977,770",99,"48,884,318",99,"14,140,679",99,"18,780,647",99,"16,052,438",99,"15,448,215",99,"26,207,439",99,"22,530,080",99,"81,303,417",99,"29,464,913",99,"39,676,834",100,"14,641,037","4,475"
2015-12-18-04-53-14,Watch M3 Wc,,70,"738,060",70,"737,669",67,"586,553",72,"903,462",66,"518,104",96,"10,055,976",71,"845,662",99,"13,162,864",90,"5,379,889",90,"5,829,714",91,"6,095,908",99,"22,471,162",99,"14,278,687",99,"37,732,378",99,"21,687,124",55,"180,936",0
2015-12-18-04-53-14,Orbitperson,,99,"13,334,864",99,"13,256,576",99,"13,358,814",99,"15,273,769",93,"7,848,187",99,"134,172,468",99,"13,625,951",99,"13,213,951",99,"13,270,068",97,"11,167,893",99,"13,865,015",99,"13,786,900",99,"14,945,852",99,"77,541,048",99,"14,915,321",89,"5,084,457","2,445"
2015-12-18-04-53-14,Syzygy,,99,"55,438,538",99,"45,712,893",99,"40,701,664",99,"59,588,160",99,"24,651,410",99,"36,388,652",99,"34,037,105",99,"200,000,000",99,"23,052,588",99,"40,545,722",99,"47,788,409",99,"200,000,000",99,"49,742,739",99,"200,000,000",99,"193,240,166",120,"200,000,000",0
2015-12-18-04-53-14,Fazal11111,,94,"8,337,982",95,"8,813,897",94,"8,181,001",96,"10,506,074",94,"8,310,178",98,"12,363,287",96,"10,338,749",93,"7,555,280",98,"12,301,594",92,"6,598,677",93,"7,788,099",97,"11,181,162",98,"11,928,821",98,"12,939,396",98,"12,233,186",98,"12,242,725",0
2015-12-18-04-53-14,Newbisms,,1,0,1,0,1,0,10,"1,154",1,0,1,0,1,0,91,"6,248,167",99,"13,207,947",73,"1,091,979",99,"18,219,629",99,"13,331,899",99,"20,518,883",99,"16,528,180",1,0,100,"15,150,133",0
2015-12-18-04-53-14,vincete,,50,"107,364",52,"127,137",68,"657,069",67,"601,317",53,"146,896",60,"274,641",68,"624,784",74,"1,150,297",79,"1,913,833",67,"562,722",77,"1,547,131",77,"1,503,071",85,"3,516,666",77,"1,613,239",95,"9,072,763",68,"623,671",0
2015-12-18-04-53-14,Rusty Nail24,,72,"959,175",67,"594,893",59,"250,707",81,"2,327,484",80,"1,997,224",79,"1,892,523",91,"6,040,178",99,"13,345,462",99,"13,688,454",99,"18,635,732",99,"13,613,669",99,"16,541,124",99,"15,978,405",99,"19,034,896",99,"16,229,088",109,"38,605,659",0
2015-12-18-04-53-14,Dj Ruli-Lake,,1,0,1,0,1,0,10,"1,154",1,0,1,0,1,0,69,"714,648",69,"700,694",88,"4,610,717",75,"1,237,173",73,"1,055,703",80,"1,997,263",88,"4,588,448",83,"2,731,480",99,"13,039,108",0
2015-12-18-04-53-14,Atomterrible,,75,"1,230,984",75,"1,239,085",80,"2,043,121",81,"2,358,232",86,"3,667,560",99,"13,274,305",82,"2,441,774",84,"3,086,589",78,"1,731,906",87,"4,027,315",99,"13,394,956",77,"1,495,481",88,"4,613,026",74,"1,185,334",90,"5,689,624",80,"2,129,042","4,777"
2015-12-18-04-53-14,Zaztacular,,64,"407,134",60,"276,752",75,"1,250,902",70,"799,303",66,"505,850",89,"4,910,832",80,"1,986,619",60,"274,706",80,"2,024,232",62,"361,696",94,"7,946,788",66,"514,401",99,"14,127,270",80,"2,095,993",96,"9,812,440",62,"337,724",0
2015-12-18-04-53-14,Saira1610,,99,"62,490,459",99,"200,000,000",99,"50,493,407",99,"123,968,968",99,"60,391,155",99,"200,000,000",99,"60,096,220",99,"50,906,797",99,"200,000,000",99,"24,060,046",99,"200,000,000",99,"54,814,437",99,"200,000,000",99,"127,391,840",99,"200,000,000",120,"113,338,432","28,741"
2015-12-18-04-53-14,Yuanthano,,81,"2,254,843",90,"5,733,774",85,"3,259,369",90,"5,346,995",84,"3,077,779",83,"2,897,315",75,"1,293,297",85,"3,313,454",70,"809,890",79,"1,805,206",72,"941,094",90,"5,861,241",87,"4,041,615",84,"2,953,785",86,"3,889,677",92,"6,601,536","11,381"
2015-12-18-04-53-14,Killer 7276,,90,"5,717,735",90,"5,718,848",90,"5,634,502",94,"8,504,945",94,"8,489,584",98,"12,015,193",90,"5,701,108",90,"5,781,908",99,"13,236,607",88,"4,758,489",93,"7,643,152",99,"27,329,582",99,"20,717,979",99,"13,042,462",99,"16,081,462",92,"6,604,826",952
2015-12-18-04-53-14,123 Lvs 2 Go,,1,0,1,0,1,0,10,"1,154",1,0,1,0,1,0,73,"1,028,644",85,"3,258,624",92,"6,968,406",87,"4,242,510",95,"9,020,506",85,"3,263,115",95,"8,774,665",82,"2,421,167",80,"2,136,574","1,581"
2015-12-18-04-53-14,SoloZ2003,,80,"1,986,279",80,"1,994,494",80,"2,010,001",82,"2,657,767",80,"2,052,473",90,"5,725,971",80,"2,164,600",80,"2,174,158",83,"2,718,644",92,"6,570,230",86,"3,739,183",84,"2,952,531",99,"14,077,372",85,"3,283,494",99,"13,237,614",80,"2,166,653",0
2015-12-18-04-53-14,James Was007,,99,"13,046,396",99,"13,276,143",99,"13,205,714",99,"17,303,596",99,"13,350,051",99,"37,306,526",99,"16,069,875",99,"13,853,575",99,"14,311,329",99,"13,277,390",99,"19,501,342",99,"14,315,207",99,"20,952,652",99,"13,142,693",99,"14,427,940",120,"108,810,533",0
2015-12-18-04-53-14,Arpe12,,99,"15,929,121",99,"16,110,541",99,"15,932,083",99,"20,997,319",99,"15,133,546",99,"33,025,583",99,"13,848,635",99,"15,737,153",99,"17,201,812",99,"109,740,956",99,"21,006,974",99,"16,343,525",99,"17,639,673",99,"20,650,022",99,"25,793,766",99,"14,311,288","32,351"
2015-12-18-04-53-14,Louise Sarah,,1,0,1,0,1,0,10,"1,154",1,0,1,0,1,0,41,"44,468",80,"2,118,069",1,0,1,0,1,0,99,"13,216,122",1,0,99,"13,283,765",87,"4,250,198",0
2015-12-18-04-53-14,Medieval Kid,,99,"43,000,334",99,"43,000,086",99,"43,000,084",99,"53,715,337",99,"33,567,334",99,"107,465,834",99,"50,020,000",99,"47,287,644",99,"85,253,467",99,"32,181,192",99,"200,000,000",99,"33,087,040",99,"123,033,704",99,"200,000,000",99,"200,000,000",120,"200,000,000","9,086"
2015-12-18-04-53-14,I Juco I,,90,"5,349,594",95,"9,081,964",90,"5,568,768",94,"8,666,273",90,"5,871,076",99,"13,260,190",70,"756,803",92,"6,517,533",91,"6,166,543",91,"6,094,927",99,"14,377,087",99,"13,037,198",99,"13,133,444",99,"13,044,574",99,"13,574,605",107,"29,129,425","3,215"
2015-12-18-04-53-14,Schermerhorn,,79,"1,957,961",82,"2,514,409",79,"1,815,099",84,"3,194,391",87,"4,126,930",86,"3,741,021",81,"2,294,727",84,"2,973,676",80,"2,133,112",88,"4,664,881",91,"6,344,287",89,"4,989,998",84,"3,156,490",82,"2,421,558",90,"5,623,226",77,"1,597,087",551
2015-12-18-04-53-14,Cl Scheuren,,85,"3,298,258",75,"1,263,373",57,"203,451",80,"1,992,933",81,"2,381,608",81,"2,199,181",80,"2,108,878",95,"8,828,874",95,"8,846,502",90,"5,442,300",85,"3,576,821",95,"9,548,772",95,"9,184,422",95,"8,976,648",95,"8,834,277",86,"3,873,880",0
2015-12-18-04-53-14,Esperelda,,95,"9,666,439",96,"9,686,127",96,"10,687,669",96,"10,682,149",95,"9,143,234",95,"8,960,983",95,"9,028,972",95,"9,013,478",95,"8,837,483",95,"9,068,079",95,"9,131,961",96,"9,782,945",95,"9,054,559",95,"8,842,017",96,"9,842,647",76,"1,460,033",0
2015-12-18-04-53-14,Dude54270,,84,"3,183,904",85,"3,273,089",80,"2,037,027",84,"3,228,358",94,"8,257,383",87,"4,052,563",87,"4,286,717",86,"3,823,842",86,"3,894,806",92,"7,003,260",85,"3,536,580",90,"5,426,951",99,"79,235,244",88,"4,447,091",99,"13,765,431",82,"2,521,836","1,064"
2015-12-18-04-53-14,Icy001,,80,"2,036,136",81,"2,228,995",80,"2,031,919",92,"6,628,988",98,"12,872,841",96,"9,983,220",92,"6,974,062",99,"36,133,751",87,"3,989,824",97,"10,870,107",97,"11,052,946",96,"10,671,548",91,"6,234,784",97,"11,687,895",87,"4,301,904",91,"6,469,637","6,804"
2015-12-18-04-53-14,Seraze,,1,0,1,0,1,0,10,"1,154",1,0,1,0,1,0,54,"151,287",50,"107,065",66,"533,260",51,"121,314",72,"936,184",99,"45,446,448",50,"101,351",50,"108,078",101,"16,130,609",0
2015-12-18-04-53-14,Vulr,,1,0,1,0,1,0,10,"1,154",1,0,1,0,1,0,70,"770,025",63,"396,761",51,"113,055",62,"348,470",60,"274,049",75,"1,224,966",70,"798,897",70,"740,371",70,"802,523",0
2015-12-18-04-53-14,Lentso99,,99,"13,279,877",99,"13,594,484",99,"13,271,282",99,"17,722,883",99,"13,116,604",99,"31,009,374",99,"13,143,131",99,"13,319,139",99,"13,516,678",99,"14,395,004",99,"18,089,287",99,"14,256,435",99,"21,756,226",99,"13,313,438",99,"14,228,826",99,"13,490,012","1,585"
2015-12-18-04-53-14,5quarecrow,,88,"4,795,785",76,"1,355,590",1,0,85,"3,525,581",81,"2,262,555",89,"5,176,754",62,"340,504",72,"903,116",74,"1,158,923",77,"1,498,511",72,"935,040",83,"2,913,705",92,"6,709,782",83,"2,815,763",86,"3,770,017",112,"50,292,666","121,268"
2015-12-18-04-53-14,Gazitop,,79,"1,799,262",81,"2,221,461",77,"1,518,016",82,"2,459,007",80,"2,039,919",90,"5,545,942",76,"1,385,538",82,"2,554,676",81,"2,193,385",85,"3,490,763",84,"3,105,437",85,"3,293,503",85,"3,260,639",85,"3,289,919",85,"3,272,088",78,"1,675,943","3,007"
2015-12-18-04-53-14,Zyzum Jr,,62,"359,410",60,"273,966",51,"113,690",59,"264,952",30,"14,051",73,"1,040,651",40,"37,730",56,"191,404",50,"104,444",60,"295,473",55,"170,058",60,"285,972",93,"7,508,703",81,"2,207,529",59,"269,476",88,"4,632,949",0
2015-12-18-04-53-14,Da Littleman,,65,"493,289",68,"661,965",65,"494,572",72,"990,855",74,"1,179,433",98,"12,820,468",52,"136,461",75,"1,327,874",98,"13,011,926",95,"9,618,100",98,"12,871,218",98,"12,863,968",98,"12,911,114",98,"12,858,767",98,"12,848,098",65,"452,336","11,013"
